Company,Profile,Location/s,From,Upto,Duration,Stipend,Link
Hult Prize Foundation,Campus Ambassador,Work From Home,Starts Immediately,13 Oct' 20,3 Months,Performance Based,www.internshala.com//internship/detail/oncampus-program-at-hult-prize-foundation1601459327
Internshala,Community Manager,Gurgaon,Starts Immediately,8 Oct' 20,6 Months,20000 /month,www.internshala.com//internship/detail/community-manager-internship-in-gurgaon-at-internshala1600937274
BYJU'S The Learning App,Marketing,"Thane, Kalyan, Mumbai, Virar",Starts Immediately,18 Oct' 20,2 Months,20000 /month,www.internshala.com//internship/detail/marketing-internship-in-multiple-locations-at-byjus-the-learning-app1601757219
Delhivery,Business Development (Sales),Chennai,Starts Immediately,17 Oct' 20,2 Months,10000 /month,www.internshala.com//internship/detail/business-development-sales-internship-in-chennai-at-delhivery1601708881
BYJU'S The Learning App,Marketing,"Anantapur, Kurnool, Madanapalle, Tirupati, Guntakal, Adoni, Nandyal, Chittoor, Gooty, Dharmavaram, Penukonda",Starts Immediately,16 Oct' 20,2 Months,15000 /month,www.internshala.com//internship/detail/marketing-internship-in-multiple-locations-at-byjus-the-learning-app1601557626
BYJU'S The Learning App,Marketing,"Kolkata, Hooghly, Nadia, South 24 Parganas, North 24 Parganas",Starts Immediately,15 Oct' 20,1 Month,15000 /month,www.internshala.com//internship/detail/marketing-internship-in-multiple-locations-at-byjus-the-learning-app1601481231
BYJU'S The Learning App,Marketing,"Bapatla, Chirala, Ongole",Starts Immediately,15 Oct' 20,2 Months,15000 /month,www.internshala.com//internship/detail/marketing-internship-in-multiple-locations-at-byjus-the-learning-app1601471428
CoHo,Sales & Marketing,Work From Home,Starts Immediately,14 Oct' 20,3 Months,5000 /month +  Incentives,www.internshala.com//internship/detail/sales-marketing-work-from-home-job-internship-at-coho1601462082
Viacom India LLP,Marketing,Gurgaon,Starts Immediately,14 Oct' 20,3 Months,3000-7000 /month,www.internshala.com//internship/detail/marketing-internship-in-gurgaon-at-viacom-india-llp1601458186
LIC Of India,Business Development (Sales),"Dehradun, Saharanpur, Rudraprayag, Deoband, Mussoorie, Roorkee, Haridwar, Rishikesh, Kotdwar",Starts Immediately,13 Oct' 20,3 Months,2000 /month +  Incentives,www.internshala.com//internship/detail/business-development-sales-part-time-job-internship-at-multiple-locations-in-lic-of-india1601360623
Bharti Axa Life Insurance,Marketing,Mumbai,Starts Immediately,12 Oct' 20,3 Months,10000 /month,www.internshala.com//internship/detail/marketing-internship-in-mumbai-at-bharti-axa-life-insurance1601196229
BYJU'S The Learning App,Marketing,Mangaluru,Starts Immediately,11 Oct' 20,2 Months,15000 /month,www.internshala.com//internship/detail/marketing-internship-in-mangaluru-at-byjus-the-learning-app1601103218
BYJU'S The Learning App,Marketing,Indore,Starts Immediately,11 Oct' 20,1 Month,20000 /month,www.internshala.com//internship/detail/marketing-internship-in-indore-at-byjus-the-learning-app1601199470
UrbanClap Technologies India Private Limited,Business Development (Sales),Hyderabad,Starts Immediately,10 Oct' 20,4 Months,8000-15000 /month,www.internshala.com//internship/detail/business-development-sales-internship-in-hyderabad-at-urbanclap-technologies-india-private-limited1601115447
BYJU'S - The Learning App,Marketing,Mangalore,Starts Immediately,10 Oct' 20,2 Months,15000 /month,www.internshala.com//internship/detail/marketing-internship-in-mangalore-at-byjus-the-learning-app1601115312
Dyson Technology India Private Limited,Sales,"Delhi, Gurgaon, Noida",Starts Immediately,9 Oct' 20,2 Months,28000 /month +  Incentives,www.internshala.com//internship/detail/sales-internship-in-multiple-locations-at-dyson-technology-india-private-limited1600932083
BYJU'S The Learning App,Marketing,"Kadapa, Proddatur, Prodduturu",Starts Immediately,8 Oct' 20,2 Months,15000 /month,www.internshala.com//internship/detail/marketing-internship-in-multiple-locations-at-byjus-the-learning-app1600962534
BYJU'S The Learning App,Marketing,"Anantapur, Gooty",Starts Immediately,8 Oct' 20,2 Months,15000 /month,www.internshala.com//internship/detail/marketing-internship-in-anantapur-gooty-at-byjus-the-learning-app1600962449
BYJU'S The Learning App,Marketing,Nellore,Starts Immediately,8 Oct' 20,2 Months,15000 /month,www.internshala.com//internship/detail/marketing-internship-in-nellore-at-byjus-the-learning-app1600962389
BYJU'S The Learning App,Marketing,Chittoor,Starts Immediately,8 Oct' 20,2 Months,15000 /month,www.internshala.com//internship/detail/marketing-internship-in-chittoor-at-byjus-the-learning-app1600962249
BYJU'S The Learning App,Marketing,Vizianagaram,Starts Immediately,8 Oct' 20,2 Months,15000 /month,www.internshala.com//internship/detail/marketing-internship-in-vizianagaram-at-byjus-the-learning-app1600962085
BYJU'S The Learning App,Marketing,Anakapalle,Starts Immediately,8 Oct' 20,2 Months,15000 /month,www.internshala.com//internship/detail/marketing-internship-in-anakapalle-at-byjus-the-learning-app1600962014
BYJU'S The Learning App,Marketing,"Srikakulam, Etcherla, Amadalavalasa",Starts Immediately,8 Oct' 20,2 Months,15000 /month,www.internshala.com//internship/detail/marketing-internship-in-multiple-locations-at-byjus-the-learning-app1600961905
BYJU'S The Learning App,Marketing,"Khammam, Kothagudem",Starts Immediately,8 Oct' 20,2 Months,15000 /month,www.internshala.com//internship/detail/marketing-internship-in-khammam-kothagudem-at-byjus-the-learning-app1600961636
BYJU'S The Learning App,Marketing,"Suryapet, Nalgonda",Starts Immediately,8 Oct' 20,2 Months,15000 /month,www.internshala.com//internship/detail/marketing-internship-in-suryapet-nalgonda-at-byjus-the-learning-app1600961378
BYJU'S The Learning App,Marketing,"Mahbubnagar, Wanaparthy, Gadwal, Nagarkurnool, Mahabubnagar",Starts Immediately,8 Oct' 20,2 Months,15000 /month,www.internshala.com//internship/detail/marketing-internship-in-multiple-locations-at-byjus-the-learning-app1600961286
BYJU'S The Learning App,Marketing,Nizamabad,Starts Immediately,8 Oct' 20,2 Months,15000 /month,www.internshala.com//internship/detail/marketing-internship-in-nizamabad-at-byjus-the-learning-app1600961022
BYJU'S The Learning App,Marketing,"Adilabad, Nirmal, Mancherial",Starts Immediately,8 Oct' 20,2 Months,15000 /month,www.internshala.com//internship/detail/marketing-internship-in-multiple-locations-at-byjus-the-learning-app1600960953
BYJU'S The Learning App,Marketing,Jabalpur,Starts Immediately,8 Oct' 20,1 Month,20000 /month,www.internshala.com//internship/detail/marketing-internship-in-jabalpur-at-byjus-the-learning-app1600933282
BYJU'S The Learning App,Marketing,Raipur,Starts Immediately,8 Oct' 20,1 Month,20000 /month,www.internshala.com//internship/detail/marketing-internship-in-raipur-at-byjus-the-learning-app1600930603
BYJU'S The Learning App,Marketing,Gwalior,Starts Immediately,8 Oct' 20,1 Month,20000 /month,www.internshala.com//internship/detail/marketing-internship-in-gwalior-at-byjus-the-learning-app1600930464
BYJU'S The Learning App,Marketing,"Ahmedabad, Rajkot, Surat",Starts Immediately,7 Oct' 20,2 Months,20000 /month,www.internshala.com//internship/detail/marketing-internship-in-multiple-locations-at-byjus-the-learning-app1600689197
BYJU'S The Learning App,Marketing,Guntur,Starts Immediately,5 Oct' 20,2 Months,15000 /month,www.internshala.com//internship/detail/marketing-internship-in-guntur-at-byjus-the-learning-app1600687515
BYJU'S The Learning App,Marketing,Vijayawada,Starts Immediately,5 Oct' 20,2 Months,15000 /month,www.internshala.com//internship/detail/marketing-internship-in-vijayawada-at-byjus-the-learning-app1600687461
BYJU'S The Learning App,Marketing,Vishakhapatnam,Starts Immediately,5 Oct' 20,2 Months,15000 /month,www.internshala.com//internship/detail/marketing-internship-in-vishakhapatnam-at-byjus-the-learning-app1600687396
BYJU'S The Learning App,Marketing,"Coimbatore, Karur, Madurai, Tirunelveli, Thoothukudi, Virudhunagar, Kanyakumari, Thanjavur, Theni, Tiruppur, Tiruchirappalli, Dindigul",Starts Immediately,23 Oct' 20,3 Months,20000 /month,www.internshala.com//internship/detail/marketing-internship-in-multiple-locations-at-byjus-the-learning-app1600436533
BYJU'S - The Learning App,Marketing,Mysuru,Starts Immediately,4 Oct' 20,2 Months,15000 /month,www.internshala.com//internship/detail/marketing-internship-in-mysuru-at-byjus-the-learning-app1600585596
"AAKAAR, IIT Bombay",Campus Ambassador,Work From Home,Starts Immediately,16 Oct' 20,6 Months,Performance Based,www.internshala.com//internship/detail/campus-ambassador-programme-at-aakaar-iit-bombay1599732193
E-CELL IIT Roorkee,Campus Ambassador,Work From Home,Starts Immediately,14 Oct' 20,6 Months,Performance Based,www.internshala.com//internship/detail/campus-ambassador-programme-at-e-cell-iit-roorkee1599634933
Padhhigh,Business Development (Sales),Work From Home,Starts Immediately,18 Oct' 20,2 Weeks,3000 lump sum,www.internshala.com//internship/detail/business-development-sales-work-from-home-job-internship-at-padhhigh1601796862
Social Neeti,Business Development (Sales),Kolkata,Starts Immediately,18 Oct' 20,6 Months,6000-10000 /month,www.internshala.com//internship/detail/business-development-sales-internship-in-kolkata-at-social-neeti1601729331
Blur Cosmetics,Marketing,Work From Home,Starts Immediately,18 Oct' 20,3 Months,10000 /month +  Incentives,www.internshala.com//internship/detail/marketing-work-from-home-job-internship-at-blur-cosmetics1601727551
Surfable,Business Development (Sales),Work From Home,Starts Immediately,18 Oct' 20,3 Months,2000 /month +  Incentives,www.internshala.com//internship/detail/business-development-sales-work-from-home-job-internship-at-surfable1601673547
Imago Media Company,Admission Counseling,"Delhi, Mumbai",Starts Immediately,18 Oct' 20,3 Months,5000 /month,www.internshala.com//internship/detail/admission-counseling-internship-in-delhi-mumbai-at-imago-media-company1601792391
Hubete Private Limited,Business Development (Sales),Work From Home,Starts Immediately,18 Oct' 20,1 Month,1000 /month,www.internshala.com//internship/detail/business-development-sales-work-from-home-job-internship-at-hubete-private-limited1601791891
FaithinAI,Business Development (Sales),Work From Home,Starts Immediately,18 Oct' 20,3 Months,1000 /month +  Incentives,www.internshala.com//internship/detail/business-development-sales-work-from-home-job-internship-at-faithinai1601476378
Akshar Group,Business Development (Sales),Navi Mumbai,Starts Immediately,18 Oct' 20,6 Months,7000-12000 /month,www.internshala.com//internship/detail/business-development-sales-internship-in-navi-mumbai-at-akshar-group1601787911
Akshar Group,Marketing,Navi Mumbai,Starts Immediately,18 Oct' 20,4 Months,7000-12000 /month,www.internshala.com//internship/detail/marketing-internship-in-navi-mumbai-at-akshar-group1601787848
Lead & Sales,Business Development (Sales),Work From Home,Starts Immediately,18 Oct' 20,1 Month,1500 /month,www.internshala.com//internship/detail/business-development-sales-work-from-home-job-internship-at-lead-sales1601786733
Erience Solutions,Business Development (Sales),Ahmedabad,Starts Immediately,18 Oct' 20,3 Months,4000 /month,www.internshala.com//internship/detail/business-development-sales-internship-in-ahmedabad-at-erience-solutions1601784308
MandatoryTrendz.com,Business Development (Sales),Work From Home,Starts Immediately,18 Oct' 20,1 Month,10000 lump sum,www.internshala.com//internship/detail/business-development-sales-work-from-home-job-internship-at-mandatorytrendzcom1601781028
AptiSmart,Business Development (Sales),Work From Home,Starts Immediately,18 Oct' 20,1 Month,1000-1100 /month,www.internshala.com//internship/detail/business-development-sales-work-from-home-job-internship-at-aptismart1601780494
WeDidIt,Marketing,Work From Home,Starts Immediately,18 Oct' 20,1 Month,Unpaid,www.internshala.com//internship/detail/marketing-work-from-home-job-internship-at-wedidit1601762958
Putatoe Technologies Private Limited,Business Development (Sales),"Delhi, Gorakhpur, Lucknow, Hyderabad, Mumbai",Starts Immediately,17 Oct' 20,6 Months,2000-5000 /month,www.internshala.com//internship/detail/business-development-sales-internship-in-multiple-locations-at-putatoe-technologies-private-limited1601749376
Anar,Marketing,Work From Home,Starts Immediately,17 Oct' 20,2 Months,1000 /month,www.internshala.com//internship/detail/marketing-work-from-home-job-internship-at-anar1601748540
SV Clicks,Business Development (Sales),Work From Home,Starts Immediately,17 Oct' 20,3 Months,1000 /month +  Incentives,www.internshala.com//internship/detail/business-development-sales-work-from-home-job-internship-at-sv-clicks1601748075
Lead & Sales,Marketing,Work From Home,Starts Immediately,17 Oct' 20,1 Month,1500 /month,www.internshala.com//internship/detail/marketing-work-from-home-job-internship-at-lead-sales1601747725
Underprivileged's Advancement By Youth,Business Development (Sales),Work From Home,Starts Immediately,17 Oct' 20,2 Months,Unpaid,www.internshala.com//internship/detail/business-development-sales-work-from-home-job-internship-at-underprivilegeds-advancement-by-youth1601746187
Underprivileged's Advancement By Youth,Marketing,Work From Home,Starts Immediately,17 Oct' 20,2 Months,Unpaid,www.internshala.com//internship/detail/marketing-work-from-home-job-internship-at-underprivilegeds-advancement-by-youth1601746111
Velaa Jobs Placement Private Limited,Business Development (Sales),Work From Home,Starts Immediately,17 Oct' 20,2 Months,4000 /month,www.internshala.com//internship/detail/business-development-sales-work-from-home-job-internship-at-velaa-jobs-placement-private-limited1601665594
KnowYourGadgets,Marketing,Work From Home,Starts Immediately,17 Oct' 20,2 Weeks,2000 lump sum +  Incentives,www.internshala.com//internship/detail/marketing-work-from-home-job-internship-at-knowyourgadgets1601665521
ThingsGoSocial,Client Relationship Management,Delhi,Starts Immediately,17 Oct' 20,6 Months,4000-6000 /month,www.internshala.com//internship/detail/client-relationship-management-internship-in-delhi-at-thingsgosocial1601743620
Own Healthcares,Marketing,Mumbai,Starts Immediately,17 Oct' 20,6 Months,5000-8000 /month,www.internshala.com//internship/detail/marketing-internship-in-mumbai-at-own-healthcares1601743150
Innovators And You,Business Development (Sales),Work From Home,Starts Immediately,17 Oct' 20,1 Month,5001-10000 /month,www.internshala.com//internship/detail/business-development-sales-work-from-home-job-internship-at-innovators-and-you1601742876
MNJ Software Private Limited,Business Development (Sales),Work From Home,Starts Immediately,17 Oct' 20,4 Months,8000-12000 /month,www.internshala.com//internship/detail/business-development-sales-work-from-home-job-internship-at-mnj-software-private-limited1601721394
ThingsGoSocial,Marketing,Delhi,Starts Immediately,17 Oct' 20,6 Months,4000-6000 /month,www.internshala.com//internship/detail/marketing-internship-in-delhi-at-thingsgosocial1601742529
Ufaber Edutech,Business Development (Sales),Work From Home,Starts Immediately,17 Oct' 20,4 Months,10000 /month,www.internshala.com//internship/detail/business-development-sales-work-from-home-job-internship-at-ufaber-edutech1601719444
SARAL INDIA FINSERV PRIVATE LIMITED,Marketing,"Agra, Chennai, Kolkata, Panjim, Ranchi, Bangalore",Starts Immediately,17 Oct' 20,2 Months,2500-3000 /month,www.internshala.com//internship/detail/marketing-part-time-job-internship-at-multiple-locations-in-saral-india-finserv-private-limited1601718804
Outgrow Consulting Private Limited,Marketing,Work From Home,Starts Immediately,17 Oct' 20,2 Months,3000 /month,www.internshala.com//internship/detail/marketing-work-from-home-job-internship-at-outgrow-consulting-private-limited1601717365
Tutoraj,Marketing,Work From Home,Starts Immediately,17 Oct' 20,1 Week,250 /week,www.internshala.com//internship/detail/marketing-work-from-home-job-internship-at-tutoraj1601740426
The Oak Summit,Business Development (Sales),Work From Home,Starts Immediately,17 Oct' 20,2 Months,5000-9000 lump sum,www.internshala.com//internship/detail/business-development-sales-work-from-home-job-internship-at-the-oak-summit1601740001
Janapareddy Hospitals,Business Development (Sales),Hyderabad,Starts Immediately,17 Oct' 20,6 Months,6000 /month,www.internshala.com//internship/detail/business-development-sales-internship-in-hyderabad-at-janapareddy-hospitals1601716034
IKIO Led Lighting,Marketing,Noida,Starts Immediately,17 Oct' 20,2 Months,7500 /month,www.internshala.com//internship/detail/marketing-internship-in-noida-at-ikio-led-lighting1601711754
Protrainy Skilled Learning Private Limited,Marketing,Work From Home,Starts Immediately,17 Oct' 20,3 Months,1000 /month +  Incentives,www.internshala.com//internship/detail/marketing-work-from-home-job-internship-at-protrainy-skilled-learning-private-limited1601711664
CloudEye Technologies India Private Limited,Marketing,Visakhapatnam,Starts Immediately,17 Oct' 20,2 Months,6000 /month +  Incentives,www.internshala.com//internship/detail/marketing-part-time-job-internship-at-visakhapatnam-in-cloudeye-technologies-india-private-limited1601711336
Disciplebay,Marketing,Work From Home,Starts Immediately,17 Oct' 20,6 Months,7000-12000 /month,www.internshala.com//internship/detail/marketing-work-from-home-job-internship-at-disciplebay1601711327
CROPSATHOME,Marketing,Work From Home,Starts Immediately,17 Oct' 20,3 Months,7000 /month,www.internshala.com//internship/detail/marketing-work-from-home-job-internship-at-cropsathome1601708780
GoAbrigo Hospitalities,Business Development (Sales),Bangalore,Starts Immediately,17 Oct' 20,2 Months,5000 /month,www.internshala.com//internship/detail/business-development-sales-internship-in-bangalore-at-goabrigo-hospitalities1601735399
CTMC ACADEMY,Marketing,Work From Home,Starts Immediately,17 Oct' 20,3 Months,10000-20000 /month,www.internshala.com//internship/detail/marketing-work-from-home-job-internship-at-ctmc-academy1601706798
3D Dimensions Animation Institute,Business Development (Sales),Mumbai,Starts Immediately,17 Oct' 20,4 Months,10000 /month,www.internshala.com//internship/detail/business-development-sales-internship-in-mumbai-at-3d-dimensions-animation-institute1601733859
Company,Profile,Location/s,From,Upto,Duration,Stipend,Link
Sanfoundry,Content Development (Civil Engineering),Work From Home,Starts Immediately,17 Oct' 20,1 Month,5000 lump sum,www.internshala.com//internship/detail/content-development-civil-engineering-work-from-home-job-internship-at-sanfoundry1601698109
Chorus Pro App Private Limited,Civil Engineering,Work From Home,Starts Immediately,16 Oct' 20,2 Months,2000 /month,www.internshala.com//internship/detail/civil-engineering-work-from-home-job-internship-at-chorus-pro-app-private-limited1601624665
Emissions Free World,Civil Engineering,Work From Home,Starts Immediately,16 Oct' 20,1 Month,6000 /month,www.internshala.com//internship/detail/civil-engineering-work-from-home-job-internship-at-emissions-free-world1601607925
Make Me Builder,Interior Design and Construction,Work From Home,Starts Immediately,15 Oct' 20,2 Months,1000-1001 /month,www.internshala.com//internship/detail/interior-design-and-construction-work-from-home-job-internship-at-make-me-builder1601555209
Vertiver Private Limited,Community Engagement,"Delhi, Shahdara",Starts Immediately,14 Oct' 20,6 Months,5000 /month,www.internshala.com//internship/detail/community-engagement-internship-in-delhi-shahdara-at-vertiver-private-limited1601467952
SPRAT - Society For Promoting Rationality,Science Communication,Ahmedabad,Starts Immediately,14 Oct' 20,2 Months,4000 /month,www.internshala.com//internship/detail/science-communication-internship-in-ahmedabad-at-sprat-society-for-promoting-rationality1601444098
Cogniz Capital Private Limited,Civil Engineering,Hyderabad,Starts Immediately,13 Oct' 20,2 Months,4000 /month,www.internshala.com//internship/detail/civil-engineering-internship-in-hyderabad-at-cogniz-capital-private-limited1601394873
DoorTask,Civil Engineering,Delhi,Starts Immediately,13 Oct' 20,3 Months,8000-12000 /month,www.internshala.com//internship/detail/civil-engineering-internship-in-delhi-at-doortask1601290431
Homework By AM Services 24x7 Private Limited,Civil Engineering,Gurgaon,Starts Immediately,12 Oct' 20,2 Months,5000 /month,www.internshala.com//internship/detail/civil-engineering-internship-in-gurgaon-at-homework-by-am-services-24x7-private-limited1601265973
Biltrax Construction Data,Research,Work From Home,Starts Immediately,11 Oct' 20,3 Months,5000 /month,www.internshala.com//internship/detail/research-work-from-home-job-internship-at-biltrax-construction-data1601224988
SKMTECHNOSOLZ Private Limited,Civil Engineering,"Mangaluru, Mandya, Hassan, Bangarapet, Shivamogga, Bengkulu (Indonesia)",Starts Immediately,11 Oct' 20,2 Months,3000 /month,www.internshala.com//internship/detail/civil-engineering-part-time-job-internship-at-multiple-locations-in-skmtechnosolz-private-limited1601224637
SKMTECHNOSOLZ Private Limited,Civil Engineering,"Bangalore, Koramangala, Indiranagara",Starts Immediately,10 Oct' 20,2 Months,3000 /month,www.internshala.com//internship/detail/civil-engineering-internship-in-multiple-locations-at-skmtechnosolz-private-limited1601126925
Aester India Private Limited,Civil Engineering,Ernakulam,Starts Immediately,30 Oct' 20,2 Months,2000 /month,www.internshala.com//internship/detail/civil-engineering-part-time-job-internship-at-ernakulam-in-aester-india-private-limited1601015090
Be Of Use,Subject Matter Expert (Climate Change and Sustainability),Work From Home,Starts Immediately,8 Oct' 20,2 Months,1000 /month +  Incentives,www.internshala.com//internship/detail/subject-matter-expert-climate-change-and-sustainability-work-from-home-job-internship-at-be-of-use1600966704
SKMTECHNOSOLZ Private Limited,Civil Engineering,Mysuru,Starts Immediately,8 Oct' 20,2 Months,3000 /month,www.internshala.com//internship/detail/civil-engineering-part-time-job-internship-at-mysuru-in-skmtechnosolz-private-limited1600964355
Divine Computers Private Limited,Civil Engineering,"Faridabad, Delhi, Palwal",Starts Immediately,6 Oct' 20,4 Months,10000 /month,www.internshala.com//internship/detail/civil-engineering-internship-in-multiple-locations-at-divine-computers-private-limited1600755194
International Centre For Culture And Education,Climate Counseling,Work From Home,Starts Immediately,21 Oct' 20,3 Months,2500 /month,www.internshala.com//internship/detail/climate-counseling-work-from-home-job-internship-at-international-centre-for-culture-and-education1600231051
Thinking Tree Learning Private Limited,Online Teaching  - Civil Services Aptitude Test (CSAT) Preparation,Work From Home,Starts Immediately,20 Oct' 20,3 Months,8000-12000 /month,www.internshala.com//internship/details/online-teaching-civil-services-aptitude-test-csat-preparation-work-from-home-job-internship-at-thinking-tree-learning-private-limited1600089181
Karunamayi Sewa Sansthan,Volunteer (For Plantation),Work From Home,Starts Immediately,20 Oct' 20,1 Month,Unpaid,www.internshala.com//internship/detail/volunteer-for-plantation-work-from-home-job-internship-at-karunamayi-sewa-sansthan1599978305
SPRAT - Society For Promoting Rationality,Civil Engineering,"Kheda, Ahmedabad",Starts Immediately,12 Oct' 20,3 Months,4000 /month,www.internshala.com//internship/detail/civil-engineering-internship-in-kheda-ahmedabad-at-sprat-society-for-promoting-rationality1599461084
